Estado,Semana de aplicação,Total (semana),Nome da vacina
AP,1.0,1,AstraZeneca
CE,1.0,18,AstraZeneca
MA,1.0,11,AstraZeneca
MG,1.0,1,AstraZeneca
RJ,1.0,1,AstraZeneca
RN,1.0,8,AstraZeneca
RO,1.0,1,AstraZeneca
RS,1.0,1,AstraZeneca
AM,1.0,3,Coronavac
BA,1.0,3,Coronavac
DF,1.0,1,Coronavac
MG,1.0,10,Coronavac
PA,1.0,12,Coronavac
PI,1.0,7,Coronavac
RJ,1.0,2,Coronavac
RN,1.0,4,Coronavac
SP,1.0,3,Coronavac
RN,1.0,1,Pfizer
AM,2.0,2,AstraZeneca
BA,2.0,3,AstraZeneca
CE,2.0,8,AstraZeneca
DF,2.0,2,AstraZeneca
ES,2.0,2,AstraZeneca
GO,2.0,3,AstraZeneca
MA,2.0,13,AstraZeneca
MG,2.0,6,AstraZeneca
PE,2.0,1,AstraZeneca
PR,2.0,1,AstraZeneca
RJ,2.0,3,AstraZeneca
RN,2.0,7,AstraZeneca
RS,2.0,26,AstraZeneca
SC,2.0,3,AstraZeneca
SP,2.0,13,AstraZeneca
AL,2.0,1,Coronavac
AM,2.0,12,Coronavac
AP,2.0,2,Coronavac
BA,2.0,71,Coronavac
CE,2.0,18,Coronavac
DF,2.0,1,Coronavac
ES,2.0,1,Coronavac
GO,2.0,29,Coronavac
MA,2.0,27,Coronavac
MG,2.0,15,Coronavac
MS,2.0,7,Coronavac
MT,2.0,2,Coronavac
PA,2.0,10,Coronavac
PB,2.0,2,Coronavac
PE,2.0,16,Coronavac
PI,2.0,8,Coronavac
PR,2.0,9,Coronavac
RJ,2.0,44,Coronavac
RN,2.0,15,Coronavac
RO,2.0,3,Coronavac
RR,2.0,5,Coronavac
RS,2.0,28,Coronavac
SC,2.0,18,Coronavac
SE,2.0,3,Coronavac
SP,2.0,237,Coronavac
TO,2.0,2,Coronavac
SP,2.0,1,Pfizer
AC,3.0,10,AstraZeneca
AL,3.0,23,AstraZeneca
AM,3.0,57,AstraZeneca
AP,3.0,6,AstraZeneca
BA,3.0,922,AstraZeneca
CE,3.0,94,AstraZeneca
DF,3.0,19,AstraZeneca
ES,3.0,163,AstraZeneca
GO,3.0,187,AstraZeneca
MA,3.0,70,AstraZeneca
MG,3.0,409,AstraZeneca
MS,3.0,143,AstraZeneca
MT,3.0,45,AstraZeneca
PA,3.0,54,AstraZeneca
PB,3.0,187,AstraZeneca
PE,3.0,260,AstraZeneca
PI,3.0,81,AstraZeneca
PR,3.0,521,AstraZeneca
RJ,3.0,429,AstraZeneca
RN,3.0,20,AstraZeneca
RO,3.0,11,AstraZeneca
RR,3.0,2,AstraZeneca
RS,3.0,214,AstraZeneca
SC,3.0,83,AstraZeneca
SE,3.0,10,AstraZeneca
SP,3.0,1876,AstraZeneca
TO,3.0,7,AstraZeneca
XX,3.0,1,AstraZeneca
AC,3.0,4368,Coronavac
AL,3.0,14582,Coronavac
AM,3.0,31965,Coronavac
AP,3.0,5875,Coronavac
BA,3.0,83218,Coronavac
CE,3.0,37738,Coronavac
DF,3.0,14383,Coronavac
ES,3.0,20708,Coronavac
GO,3.0,44063,Coronavac
MA,3.0,31485,Coronavac
MG,3.0,137621,Coronavac
MS,3.0,30033,Coronavac
MT,3.0,22927,Coronavac
PA,3.0,34763,Coronavac
PB,3.0,27957,Coronavac
PE,3.0,42782,Coronavac
PI,3.0,15078,Coronavac
PR,3.0,66863,Coronavac
RJ,3.0,117699,Coronavac
RN,3.0,25145,Coronavac
RO,3.0,8968,Coronavac
RR,3.0,4792,Coronavac
RS,3.0,87107,Coronavac
SC,3.0,36153,Coronavac
SE,3.0,12464,Coronavac
SP,3.0,313705,Coronavac
TO,3.0,4485,Coronavac
XX,3.0,221,Coronavac
CE,3.0,5,Janssen
RO,3.0,1,Janssen
AL,3.0,1,Pfizer
BA,3.0,30,Pfizer
CE,3.0,18,Pfizer
ES,3.0,1,Pfizer
GO,3.0,2,Pfizer
MA,3.0,3,Pfizer
MT,3.0,2,Pfizer
PI,3.0,1,Pfizer
PR,3.0,19,Pfizer
RJ,3.0,1,Pfizer
RO,3.0,1,Pfizer
SP,3.0,3,Pfizer
AC,4.0,955,AstraZeneca
AL,4.0,5823,AstraZeneca
AM,4.0,21452,AstraZeneca
AP,4.0,1192,AstraZeneca
BA,4.0,52234,AstraZeneca
CE,4.0,17511,AstraZeneca
DF,4.0,3486,AstraZeneca
ES,4.0,17257,AstraZeneca
GO,4.0,23944,AstraZeneca
MA,4.0,13229,AstraZeneca
MG,4.0,2999,AstraZeneca
MS,4.0,12103,AstraZeneca
MT,4.0,5633,AstraZeneca
PA,4.0,9132,AstraZeneca
PB,4.0,19199,AstraZeneca
PE,4.0,27815,AstraZeneca
PI,4.0,13703,AstraZeneca
PR,4.0,38308,AstraZeneca
RJ,4.0,61003,AstraZeneca
RN,4.0,14503,AstraZeneca
RO,4.0,1463,AstraZeneca
RR,4.0,113,AstraZeneca
RS,4.0,49654,AstraZeneca
SC,4.0,12490,AstraZeneca
SE,4.0,397,AstraZeneca
SP,4.0,158806,AstraZeneca
TO,4.0,614,AstraZeneca
XX,4.0,65,AstraZeneca
AC,4.0,6113,Coronavac
AL,4.0,17752,Coronavac
AM,4.0,31729,Coronavac
AP,4.0,4582,Coronavac
BA,4.0,61003,Coronavac
CE,4.0,51715,Coronavac
DF,4.0,21970,Coronavac
ES,4.0,19254,Coronavac
GO,4.0,32196,Coronavac
MA,4.0,25594,Coronavac
MG,4.0,62572,Coronavac
MS,4.0,22562,Coronavac
MT,4.0,20467,Coronavac
PA,4.0,22601,Coronavac
PB,4.0,15219,Coronavac
PE,4.0,48138,Coronavac
PI,4.0,11847,Coronavac
PR,4.0,47256,Coronavac
RJ,4.0,66008,Coronavac
RN,4.0,13807,Coronavac
RO,4.0,8974,Coronavac
RR,4.0,7168,Coronavac
RS,4.0,47191,Coronavac
SC,4.0,20124,Coronavac
SE,4.0,10941,Coronavac
SP,4.0,248895,Coronavac
TO,4.0,7754,Coronavac
XX,4.0,115,Coronavac
BA,4.0,1,Janssen
PI,4.0,2,Janssen
BA,4.0,15,Pfizer
CE,4.0,38,Pfizer
ES,4.0,2,Pfizer
GO,4.0,8,Pfizer
MG,4.0,10,Pfizer
PR,4.0,6,Pfizer
RO,4.0,14,Pfizer
RS,4.0,4,Pfizer
SP,4.0,29,Pfizer
AC,5.0,1926,AstraZeneca
AL,5.0,9959,AstraZeneca
AM,5.0,35979,AstraZeneca
AP,5.0,2890,AstraZeneca
BA,5.0,47662,AstraZeneca
CE,5.0,45702,AstraZeneca
DF,5.0,29028,AstraZeneca
ES,5.0,10889,AstraZeneca
GO,5.0,34723,AstraZeneca
MA,5.0,17009,AstraZeneca
MG,5.0,97391,AstraZeneca
MS,5.0,4889,AstraZeneca
MT,5.0,12677,AstraZeneca
PA,5.0,17545,AstraZeneca
PB,5.0,8814,AstraZeneca
PE,5.0,29942,AstraZeneca
PI,5.0,7716,AstraZeneca
PR,5.0,30770,AstraZeneca
RJ,5.0,59343,AstraZeneca
RN,5.0,10438,AstraZeneca
RO,5.0,7065,AstraZeneca
RR,5.0,487,AstraZeneca
RS,5.0,38773,AstraZeneca
SC,5.0,19711,AstraZeneca
SE,5.0,4471,AstraZeneca
SP,5.0,233150,AstraZeneca
TO,5.0,4680,AstraZeneca
XX,5.0,151,AstraZeneca
AC,5.0,1936,Coronavac
AL,5.0,9196,Coronavac
AM,5.0,29411,Coronavac
AP,5.0,1389,Coronavac
BA,5.0,56910,Coronavac
CE,5.0,24492,Coronavac
DF,5.0,14061,Coronavac
ES,5.0,14828,Coronavac
GO,5.0,12533,Coronavac
MA,5.0,10703,Coronavac
MG,5.0,104408,Coronavac
MS,5.0,18348,Coronavac
MT,5.0,13224,Coronavac
PA,5.0,21608,Coronavac
PB,5.0,12870,Coronavac
PE,5.0,34574,Coronavac
PI,5.0,4546,Coronavac
PR,5.0,12241,Coronavac
RJ,5.0,42475,Coronavac
RN,5.0,4981,Coronavac
RO,5.0,5661,Coronavac
RR,5.0,5959,Coronavac
RS,5.0,30488,Coronavac
SC,5.0,7090,Coronavac
SE,5.0,5883,Coronavac
SP,5.0,244749,Coronavac
TO,5.0,5311,Coronavac
XX,5.0,105,Coronavac
AM,5.0,1,Janssen
PA,5.0,1,Janssen
BA,5.0,31,Pfizer
CE,5.0,23,Pfizer
MG,5.0,2,Pfizer
MT,5.0,1,Pfizer
PA,5.0,2,Pfizer
PE,5.0,1,Pfizer
PR,5.0,6,Pfizer
RJ,5.0,1,Pfizer
RS,5.0,2,Pfizer
SC,5.0,1,Pfizer
SE,5.0,2,Pfizer
SP,5.0,8,Pfizer
AC,6.0,1566,AstraZeneca
AL,6.0,4145,AstraZeneca
AM,6.0,32612,AstraZeneca
AP,6.0,692,AstraZeneca
BA,6.0,7793,AstraZeneca
CE,6.0,18969,AstraZeneca
DF,6.0,2091,AstraZeneca
ES,6.0,5348,AstraZeneca
GO,6.0,6978,AstraZeneca
MA,6.0,11087,AstraZeneca
MG,6.0,46208,AstraZeneca
MS,6.0,2281,AstraZeneca
MT,6.0,3443,AstraZeneca
PA,6.0,8072,AstraZeneca
PB,6.0,5900,AstraZeneca
PE,6.0,9882,AstraZeneca
PI,6.0,1875,AstraZeneca
PR,6.0,7341,AstraZeneca
RJ,6.0,27356,AstraZeneca
RN,6.0,1637,AstraZeneca
RO,6.0,2655,AstraZeneca
RR,6.0,99,AstraZeneca
RS,6.0,13840,AstraZeneca
SC,6.0,9898,AstraZeneca
SE,6.0,6589,AstraZeneca
SP,6.0,88684,AstraZeneca
TO,6.0,3839,AstraZeneca
XX,6.0,37,AstraZeneca
AC,6.0,2863,Coronavac
AL,6.0,18237,Coronavac
AM,6.0,40864,Coronavac
AP,6.0,4279,Coronavac
BA,6.0,94035,Coronavac
CE,6.0,60840,Coronavac
DF,6.0,19059,Coronavac
ES,6.0,17874,Coronavac
GO,6.0,37256,Coronavac
MA,6.0,33083,Coronavac
MG,6.0,173860,Coronavac
MS,6.0,45042,Coronavac
MT,6.0,26702,Coronavac
PA,6.0,30613,Coronavac
PB,6.0,24946,Coronavac
PE,6.0,66392,Coronavac
PI,6.0,16046,Coronavac
PR,6.0,58932,Coronavac
RJ,6.0,121372,Coronavac
RN,6.0,22263,Coronavac
RO,6.0,8043,Coronavac
RR,6.0,11219,Coronavac
RS,6.0,148056,Coronavac
SC,6.0,44516,Coronavac
SE,6.0,16666,Coronavac
SP,6.0,590484,Coronavac
TO,6.0,8307,Coronavac
XX,6.0,202,Coronavac
PB,6.0,2,Janssen
PE,6.0,10,Janssen
SP,6.0,1,Janssen
AP,6.0,1,Pfizer
BA,6.0,30,Pfizer
CE,6.0,8,Pfizer
DF,6.0,2,Pfizer
GO,6.0,4,Pfizer
MA,6.0,1,Pfizer
MG,6.0,7,Pfizer
MS,6.0,2,Pfizer
PE,6.0,1,Pfizer
PI,6.0,6,Pfizer
PR,6.0,9,Pfizer
RJ,6.0,3,Pfizer
RN,6.0,1,Pfizer
RS,6.0,1,Pfizer
SE,6.0,33,Pfizer
SP,6.0,13,Pfizer
AC,7.0,805,AstraZeneca
AL,7.0,807,AstraZeneca
AM,7.0,7035,AstraZeneca
AP,7.0,277,AstraZeneca
BA,7.0,5342,AstraZeneca
CE,7.0,5784,AstraZeneca
DF,7.0,245,AstraZeneca
ES,7.0,613,AstraZeneca
GO,7.0,2172,AstraZeneca
MA,7.0,4125,AstraZeneca
MG,7.0,19318,AstraZeneca
MS,7.0,1791,AstraZeneca
MT,7.0,1306,AstraZeneca
PA,7.0,7027,AstraZeneca
PB,7.0,620,AstraZeneca
PE,7.0,6028,AstraZeneca
PI,7.0,477,AstraZeneca
PR,7.0,1766,AstraZeneca
RJ,7.0,8410,AstraZeneca
RN,7.0,583,AstraZeneca
RO,7.0,806,AstraZeneca
RR,7.0,80,AstraZeneca
RS,7.0,4028,AstraZeneca
SC,7.0,3794,AstraZeneca
SE,7.0,1493,AstraZeneca
SP,7.0,28681,AstraZeneca
TO,7.0,1512,AstraZeneca
XX,7.0,17,AstraZeneca
AC,7.0,7018,Coronavac
AL,7.0,15911,Coronavac
AM,7.0,33369,Coronavac
AP,7.0,8193,Coronavac
BA,7.0,90145,Coronavac
CE,7.0,89915,Coronavac
DF,7.0,12193,Coronavac
ES,7.0,24960,Coronavac
GO,7.0,52768,Coronavac
MA,7.0,40622,Coronavac
MG,7.0,136419,Coronavac
MS,7.0,18787,Coronavac
MT,7.0,23681,Coronavac
PA,7.0,36325,Coronavac
PB,7.0,31702,Coronavac
PE,7.0,59928,Coronavac
PI,7.0,20359,Coronavac
PR,7.0,91291,Coronavac
RJ,7.0,145291,Coronavac
RN,7.0,23294,Coronavac
RO,7.0,13445,Coronavac
RR,7.0,8590,Coronavac
RS,7.0,122103,Coronavac
SC,7.0,45568,Coronavac
SE,7.0,13055,Coronavac
SP,7.0,512039,Coronavac
TO,7.0,15152,Coronavac
XX,7.0,236,Coronavac
MG,7.0,1,Janssen
RJ,7.0,1,Janssen
SP,7.0,1,Janssen
AC,7.0,2,Pfizer
BA,7.0,68,Pfizer
ES,7.0,4,Pfizer
MG,7.0,9,Pfizer
PB,7.0,1,Pfizer
PE,7.0,1,Pfizer
PR,7.0,4,Pfizer
RJ,7.0,10,Pfizer
RN,7.0,4,Pfizer
RS,7.0,3,Pfizer
SC,7.0,1,Pfizer
SE,7.0,21,Pfizer
SP,7.0,8,Pfizer
TO,7.0,1,Pfizer
AC,8.0,5320,AstraZeneca
AL,8.0,1047,AstraZeneca
AM,8.0,6605,AstraZeneca
AP,8.0,729,AstraZeneca
BA,8.0,41908,AstraZeneca
CE,8.0,22777,AstraZeneca
DF,8.0,10163,AstraZeneca
ES,8.0,5576,AstraZeneca
GO,8.0,11333,AstraZeneca
MA,8.0,8522,AstraZeneca
MG,8.0,10323,AstraZeneca
MS,8.0,4968,AstraZeneca
MT,8.0,597,AstraZeneca
PA,8.0,3941,AstraZeneca
PB,8.0,2426,AstraZeneca
PE,8.0,19334,AstraZeneca
PI,8.0,5066,AstraZeneca
PR,8.0,12226,AstraZeneca
RJ,8.0,57484,AstraZeneca
RN,8.0,1689,AstraZeneca
RO,8.0,1447,AstraZeneca
RR,8.0,391,AstraZeneca
RS,8.0,35526,AstraZeneca
SC,8.0,10904,AstraZeneca
SE,8.0,1501,AstraZeneca
SP,8.0,129143,AstraZeneca
TO,8.0,368,AstraZeneca
XX,8.0,63,AstraZeneca
AC,8.0,4830,Coronavac
AL,8.0,19709,Coronavac
AM,8.0,28040,Coronavac
AP,8.0,3822,Coronavac
BA,8.0,80360,Coronavac
CE,8.0,47499,Coronavac
DF,8.0,20761,Coronavac
ES,8.0,36210,Coronavac
GO,8.0,50759,Coronavac
MA,8.0,23317,Coronavac
MG,8.0,84518,Coronavac
MS,8.0,15732,Coronavac
MT,8.0,11819,Coronavac
PA,8.0,31294,Coronavac
PB,8.0,22686,Coronavac
PE,8.0,49254,Coronavac
PI,8.0,11365,Coronavac
PR,8.0,47051,Coronavac
RJ,8.0,101309,Coronavac
RN,8.0,16496,Coronavac
RO,8.0,11000,Coronavac
RR,8.0,6248,Coronavac
RS,8.0,58895,Coronavac
SC,8.0,29639,Coronavac
SE,8.0,6585,Coronavac
SP,8.0,191216,Coronavac
TO,8.0,12494,Coronavac
XX,8.0,145,Coronavac
AC,8.0,25,Janssen
MG,8.0,2,Janssen
PI,8.0,11,Janssen
SP,8.0,3,Janssen
BA,8.0,26,Pfizer
CE,8.0,1,Pfizer
DF,8.0,1,Pfizer
GO,8.0,2,Pfizer
MG,8.0,10,Pfizer
PA,8.0,1,Pfizer
PB,8.0,1,Pfizer
PE,8.0,4,Pfizer
RJ,8.0,3,Pfizer
RS,8.0,3,Pfizer
SC,8.0,1,Pfizer
SP,8.0,17,Pfizer
SC,8.0,1,Vacina sem identificação
AC,9.0,6573,AstraZeneca
AL,9.0,13350,AstraZeneca
AM,9.0,52306,AstraZeneca
AP,9.0,1391,AstraZeneca
BA,9.0,64850,AstraZeneca
CE,9.0,57985,AstraZeneca
DF,9.0,13778,AstraZeneca
ES,9.0,21483,AstraZeneca
GO,9.0,38558,AstraZeneca
MA,9.0,30409,AstraZeneca
MG,9.0,122709,AstraZeneca
MS,9.0,14550,AstraZeneca
MT,9.0,8437,AstraZeneca
PA,9.0,31891,AstraZeneca
PB,9.0,28814,AstraZeneca
PE,9.0,46862,AstraZeneca
PI,9.0,14356,AstraZeneca
PR,9.0,78323,AstraZeneca
RJ,9.0,96087,AstraZeneca
RN,9.0,26299,AstraZeneca
RO,9.0,2829,AstraZeneca
RR,9.0,2276,AstraZeneca
RS,9.0,86997,AstraZeneca
SC,9.0,41952,AstraZeneca
SE,9.0,25684,AstraZeneca
SP,9.0,403160,AstraZeneca
TO,9.0,3145,AstraZeneca
XX,9.0,142,AstraZeneca
AC,9.0,4171,Coronavac
AL,9.0,15600,Coronavac
AM,9.0,37727,Coronavac
AP,9.0,3474,Coronavac
BA,9.0,98954,Coronavac
CE,9.0,71880,Coronavac
DF,9.0,21550,Coronavac
ES,9.0,28055,Coronavac
GO,9.0,35334,Coronavac
MA,9.0,31592,Coronavac
MG,9.0,124491,Coronavac
MS,9.0,21618,Coronavac
MT,9.0,15944,Coronavac
PA,9.0,73136,Coronavac
PB,9.0,31800,Coronavac
PE,9.0,65499,Coronavac
PI,9.0,15337,Coronavac
PR,9.0,54219,Coronavac
RJ,9.0,100573,Coronavac
RN,9.0,15453,Coronavac
RO,9.0,7638,Coronavac
RR,9.0,6395,Coronavac
RS,9.0,51570,Coronavac
SC,9.0,51656,Coronavac
SE,9.0,14974,Coronavac
SP,9.0,708308,Coronavac
TO,9.0,8109,Coronavac
XX,9.0,266,Coronavac
ES,9.0,28,Janssen
PB,9.0,1,Janssen
BA,9.0,76,Pfizer
CE,9.0,2,Pfizer
ES,9.0,14,Pfizer
GO,9.0,1,Pfizer
MG,9.0,7,Pfizer
PA,9.0,34,Pfizer
PE,9.0,1,Pfizer
PI,9.0,2,Pfizer
PR,9.0,118,Pfizer
RJ,9.0,1,Pfizer
SC,9.0,2,Pfizer
SP,9.0,74,Pfizer
DF,9.0,1,Vacina sem identificação
MG,9.0,1,Vacina sem identificação
PR,9.0,2,Vacina sem identificação
RS,9.0,2,Vacina sem identificação
SC,9.0,249,Vacina sem identificação
AC,10.0,1697,AstraZeneca
AL,10.0,9712,AstraZeneca
AM,10.0,22159,AstraZeneca
AP,10.0,696,AstraZeneca
BA,10.0,19197,AstraZeneca
CE,10.0,11228,AstraZeneca
DF,10.0,1020,AstraZeneca
ES,10.0,6432,AstraZeneca
GO,10.0,6011,AstraZeneca
MA,10.0,11728,AstraZeneca
MG,10.0,77892,AstraZeneca
MS,10.0,3324,AstraZeneca
MT,10.0,8636,AstraZeneca
PA,10.0,12314,AstraZeneca
PB,10.0,11559,AstraZeneca
PE,10.0,11794,AstraZeneca
PI,10.0,4653,AstraZeneca
PR,10.0,12886,AstraZeneca
RJ,10.0,20888,AstraZeneca
RN,10.0,7559,AstraZeneca
RO,10.0,1811,AstraZeneca
RR,10.0,395,AstraZeneca
RS,10.0,16235,AstraZeneca
SC,10.0,7499,AstraZeneca
SE,10.0,8535,AstraZeneca
SP,10.0,31902,AstraZeneca
TO,10.0,1612,AstraZeneca
XX,10.0,18,AstraZeneca
AC,10.0,4878,Coronavac
AL,10.0,18333,Coronavac
AM,10.0,30254,Coronavac
AP,10.0,7765,Coronavac
BA,10.0,200783,Coronavac
CE,10.0,101606,Coronavac
DF,10.0,20916,Coronavac
ES,10.0,33634,Coronavac
GO,10.0,57542,Coronavac
MA,10.0,39742,Coronavac
MG,10.0,168569,Coronavac
MS,10.0,36441,Coronavac
MT,10.0,18173,Coronavac
PA,10.0,42386,Coronavac
PB,10.0,67375,Coronavac
PE,10.0,83866,Coronavac
PI,10.0,28753,Coronavac
PR,10.0,118053,Coronavac
RJ,10.0,193850,Coronavac
RN,10.0,31465,Coronavac
RO,10.0,12371,Coronavac
RR,10.0,4699,Coronavac
RS,10.0,194715,Coronavac
SC,10.0,66873,Coronavac
SE,10.0,19111,Coronavac
SP,10.0,547924,Coronavac
TO,10.0,9679,Coronavac
XX,10.0,214,Coronavac
CE,10.0,1,Janssen
ES,10.0,30,Janssen
MG,10.0,2,Janssen
AM,10.0,6,Pfizer
BA,10.0,96,Pfizer
CE,10.0,3,Pfizer
ES,10.0,5,Pfizer
GO,10.0,4,Pfizer
MG,10.0,6,Pfizer
MT,10.0,1,Pfizer
PA,10.0,1,Pfizer
PB,10.0,3,Pfizer
PE,10.0,1,Pfizer
PI,10.0,9,Pfizer
PR,10.0,112,Pfizer
RJ,10.0,5,Pfizer
RN,10.0,3,Pfizer
RS,10.0,1,Pfizer
SE,10.0,12,Pfizer
SP,10.0,4,Pfizer
MG,10.0,2,Vacina sem identificação
MT,10.0,1,Vacina sem identificação
PA,10.0,1,Vacina sem identificação
PE,10.0,1,Vacina sem identificação
PR,10.0,1,Vacina sem identificação
RS,10.0,2,Vacina sem identificação
SC,10.0,155,Vacina sem identificação
SP,10.0,3,Vacina sem identificação
AC,11.0,622,AstraZeneca
AL,11.0,3910,AstraZeneca
AM,11.0,4060,AstraZeneca
AP,11.0,455,AstraZeneca
BA,11.0,4593,AstraZeneca
CE,11.0,1527,AstraZeneca
DF,11.0,299,AstraZeneca
ES,11.0,2431,AstraZeneca
GO,11.0,2404,AstraZeneca
MA,11.0,2037,AstraZeneca
MG,11.0,17125,AstraZeneca
MS,11.0,1429,AstraZeneca
MT,11.0,2794,AstraZeneca
PA,11.0,7718,AstraZeneca
PB,11.0,2034,AstraZeneca
PE,11.0,2870,AstraZeneca
PI,11.0,1492,AstraZeneca
PR,11.0,6619,AstraZeneca
RJ,11.0,11259,AstraZeneca
RN,11.0,2954,AstraZeneca
RO,11.0,403,AstraZeneca
RR,11.0,269,AstraZeneca
RS,11.0,3889,AstraZeneca
SC,11.0,1809,AstraZeneca
SE,11.0,335,AstraZeneca
SP,11.0,12428,AstraZeneca
TO,11.0,358,AstraZeneca
XX,11.0,6,AstraZeneca
AC,11.0,5881,Coronavac
AL,11.0,40379,Coronavac
AM,11.0,52913,Coronavac
AP,11.0,5809,Coronavac
BA,11.0,243393,Coronavac
CE,11.0,90094,Coronavac
DF,11.0,31746,Coronavac
ES,11.0,47824,Coronavac
GO,11.0,70250,Coronavac
MA,11.0,47034,Coronavac
MG,11.0,202096,Coronavac
MS,11.0,42007,Coronavac
MT,11.0,23777,Coronavac
PA,11.0,63680,Coronavac
PB,11.0,61869,Coronavac
PE,11.0,99060,Coronavac
PI,11.0,25304,Coronavac
PR,11.0,119348,Coronavac
RJ,11.0,177152,Coronavac
RN,11.0,35414,Coronavac
RO,11.0,14338,Coronavac
RR,11.0,6279,Coronavac
RS,11.0,248777,Coronavac
SC,11.0,119477,Coronavac
SE,11.0,15970,Coronavac
SP,11.0,947279,Coronavac
TO,11.0,15897,Coronavac
XX,11.0,460,Coronavac
BA,11.0,18,Janssen
ES,11.0,2,Janssen
MG,11.0,2,Janssen
RO,11.0,1,Janssen
SP,11.0,1,Janssen
AM,11.0,7,Pfizer
AP,11.0,2,Pfizer
BA,11.0,78,Pfizer
CE,11.0,11,Pfizer
DF,11.0,3,Pfizer
GO,11.0,9,Pfizer
MG,11.0,8,Pfizer
MS,11.0,1,Pfizer
MT,11.0,1,Pfizer
PA,11.0,12,Pfizer
PE,11.0,3,Pfizer
PI,11.0,2,Pfizer
PR,11.0,137,Pfizer
RJ,11.0,5,Pfizer
RS,11.0,3,Pfizer
SC,11.0,1,Pfizer
SP,11.0,8,Pfizer
SC,11.0,13,Vacina sem identificação
AC,12.0,7583,AstraZeneca
AL,12.0,31036,AstraZeneca
AM,12.0,2729,AstraZeneca
AP,12.0,1699,AstraZeneca
BA,12.0,145656,AstraZeneca
CE,12.0,1272,AstraZeneca
DF,12.0,1132,AstraZeneca
ES,12.0,2050,AstraZeneca
GO,12.0,5153,AstraZeneca
MA,12.0,1744,AstraZeneca
MG,12.0,12889,AstraZeneca
MS,12.0,2960,AstraZeneca
MT,12.0,911,AstraZeneca
PA,12.0,94856,AstraZeneca
PB,12.0,26152,AstraZeneca
PE,12.0,11377,AstraZeneca
PI,12.0,3263,AstraZeneca
PR,12.0,5947,AstraZeneca
RJ,12.0,5540,AstraZeneca
RN,12.0,3202,AstraZeneca
RO,12.0,725,AstraZeneca
RR,12.0,462,AstraZeneca
RS,12.0,26661,AstraZeneca
SC,12.0,4718,AstraZeneca
SE,12.0,5036,AstraZeneca
SP,12.0,10709,AstraZeneca
TO,12.0,927,AstraZeneca
XX,12.0,36,AstraZeneca
AC,12.0,6040,Coronavac
AL,12.0,67093,Coronavac
AM,12.0,19549,Coronavac
AP,12.0,17537,Coronavac
BA,12.0,294424,Coronavac
CE,12.0,281057,Coronavac
DF,12.0,86085,Coronavac
ES,12.0,118764,Coronavac
GO,12.0,187284,Coronavac
MA,12.0,97792,Coronavac
MG,12.0,569378,Coronavac
MS,12.0,95096,Coronavac
MT,12.0,46250,Coronavac
PA,12.0,137951,Coronavac
PB,12.0,138659,Coronavac
PE,12.0,226298,Coronavac
PI,12.0,83878,Coronavac
PR,12.0,385579,Coronavac
RJ,12.0,360392,Coronavac
RN,12.0,102110,Coronavac
RO,12.0,26685,Coronavac
RR,12.0,7810,Coronavac
RS,12.0,390206,Coronavac
SC,12.0,198702,Coronavac
SE,12.0,54733,Coronavac
SP,12.0,984999,Coronavac
TO,12.0,34800,Coronavac
XX,12.0,663,Coronavac
ES,12.0,7,Janssen
MG,12.0,20,Janssen
AM,12.0,1,Pfizer
AP,12.0,1,Pfizer
BA,12.0,37,Pfizer
CE,12.0,54,Pfizer
DF,12.0,1,Pfizer
ES,12.0,4,Pfizer
GO,12.0,10,Pfizer
MA,12.0,58,Pfizer
MG,12.0,8,Pfizer
MT,12.0,1,Pfizer
PA,12.0,4,Pfizer
PB,12.0,3,Pfizer
PE,12.0,1,Pfizer
PI,12.0,10,Pfizer
PR,12.0,264,Pfizer
RJ,12.0,6,Pfizer
RN,12.0,3,Pfizer
RO,12.0,7,Pfizer
RS,12.0,2,Pfizer
SC,12.0,2,Pfizer
SE,12.0,1,Pfizer
SP,12.0,14,Pfizer
AC,13.0,4835,AstraZeneca
AL,13.0,25754,AstraZeneca
AM,13.0,8212,AstraZeneca
AP,13.0,5395,AstraZeneca
BA,13.0,136069,AstraZeneca
CE,13.0,42070,AstraZeneca
DF,13.0,3096,AstraZeneca
ES,13.0,16645,AstraZeneca
GO,13.0,21443,AstraZeneca
MA,13.0,29089,AstraZeneca
MG,13.0,40818,AstraZeneca
MS,13.0,10001,AstraZeneca
MT,13.0,2480,AstraZeneca
PA,13.0,87855,AstraZeneca
PB,13.0,5109,AstraZeneca
PE,13.0,23222,AstraZeneca
PI,13.0,11909,AstraZeneca
PR,13.0,19447,AstraZeneca
RJ,13.0,12048,AstraZeneca
RN,13.0,14388,AstraZeneca
RO,13.0,1925,AstraZeneca
RR,13.0,516,AstraZeneca
RS,13.0,64025,AstraZeneca
SC,13.0,16633,AstraZeneca
SE,13.0,13120,AstraZeneca
SP,13.0,12061,AstraZeneca
TO,13.0,3437,AstraZeneca
XX,13.0,33,AstraZeneca
AC,13.0,12228,Coronavac
AL,13.0,58217,Coronavac
AM,13.0,27805,Coronavac
AP,13.0,7578,Coronavac
BA,13.0,203916,Coronavac
CE,13.0,229439,Coronavac
DF,13.0,36759,Coronavac
ES,13.0,97173,Coronavac
GO,13.0,117971,Coronavac
MA,13.0,93261,Coronavac
MG,13.0,625226,Coronavac
MS,13.0,64579,Coronavac
MT,13.0,52754,Coronavac
PA,13.0,102865,Coronavac
PB,13.0,89670,Coronavac
PE,13.0,184031,Coronavac
PI,13.0,67158,Coronavac
PR,13.0,260873,Coronavac
RJ,13.0,491497,Coronavac
RN,13.0,98862,Coronavac
RO,13.0,33109,Coronavac
RR,13.0,7240,Coronavac
RS,13.0,344079,Coronavac
SC,13.0,130866,Coronavac
SE,13.0,47222,Coronavac
SP,13.0,608006,Coronavac
TO,13.0,27400,Coronavac
XX,13.0,492,Coronavac
BA,13.0,1,Janssen
MG,13.0,23,Janssen
RS,13.0,1,Janssen
SP,13.0,10,Janssen
AL,13.0,2,Pfizer
AM,13.0,3,Pfizer
BA,13.0,133,Pfizer
CE,13.0,2191,Pfizer
DF,13.0,4,Pfizer
GO,13.0,8,Pfizer
MA,13.0,2,Pfizer
MG,13.0,37,Pfizer
MS,13.0,1,Pfizer
PB,13.0,5,Pfizer
PE,13.0,50,Pfizer
PI,13.0,44,Pfizer
PR,13.0,4,Pfizer
RJ,13.0,21,Pfizer
SC,13.0,1,Pfizer
SP,13.0,28,Pfizer
TO,13.0,1,Pfizer
AC,14.0,3939,AstraZeneca
AL,14.0,21184,AstraZeneca
AM,14.0,17038,AstraZeneca
AP,14.0,4393,AstraZeneca
BA,14.0,33486,AstraZeneca
CE,14.0,21887,AstraZeneca
DF,14.0,9716,AstraZeneca
ES,14.0,22777,AstraZeneca
GO,14.0,18195,AstraZeneca
MA,14.0,55119,AstraZeneca
MG,14.0,48063,AstraZeneca
MS,14.0,12766,AstraZeneca
MT,14.0,10655,AstraZeneca
PA,14.0,39130,AstraZeneca
PB,14.0,14691,AstraZeneca
PE,14.0,32510,AstraZeneca
PI,14.0,13639,AstraZeneca
PR,14.0,41266,AstraZeneca
RJ,14.0,96332,AstraZeneca
RN,14.0,17334,AstraZeneca
RO,14.0,2090,AstraZeneca
RR,14.0,809,AstraZeneca
RS,14.0,80411,AstraZeneca
SC,14.0,28619,AstraZeneca
SE,14.0,22529,AstraZeneca
SP,14.0,100683,AstraZeneca
TO,14.0,3079,AstraZeneca
XX,14.0,98,AstraZeneca
AC,14.0,10403,Coronavac
AL,14.0,81812,Coronavac
AM,14.0,52858,Coronavac
AP,14.0,12319,Coronavac
BA,14.0,288878,Coronavac
CE,14.0,118975,Coronavac
DF,14.0,29315,Coronavac
ES,14.0,101042,Coronavac
GO,14.0,87459,Coronavac
MA,14.0,128083,Coronavac
MG,14.0,518466,Coronavac
MS,14.0,80912,Coronavac
MT,14.0,67283,Coronavac
PA,14.0,62221,Coronavac
PB,14.0,104317,Coronavac
PE,14.0,181820,Coronavac
PI,14.0,48262,Coronavac
PR,14.0,146725,Coronavac
RJ,14.0,466471,Coronavac
RN,14.0,78774,Coronavac
RO,14.0,32368,Coronavac
RR,14.0,12264,Coronavac
RS,14.0,279144,Coronavac
SC,14.0,139924,Coronavac
SE,14.0,37059,Coronavac
SP,14.0,922734,Coronavac
TO,14.0,21506,Coronavac
XX,14.0,578,Coronavac
AM,14.0,1,Janssen
MG,14.0,2,Janssen
AP,14.0,1,Pfizer
BA,14.0,40,Pfizer
CE,14.0,61,Pfizer
DF,14.0,1,Pfizer
ES,14.0,2,Pfizer
GO,14.0,9,Pfizer
MA,14.0,1,Pfizer
MG,14.0,26,Pfizer
MS,14.0,1,Pfizer
MT,14.0,2,Pfizer
PA,14.0,2,Pfizer
PB,14.0,10,Pfizer
PE,14.0,13,Pfizer
PI,14.0,54,Pfizer
RJ,14.0,49,Pfizer
RN,14.0,1,Pfizer
RS,14.0,5,Pfizer
SE,14.0,12,Pfizer
SP,14.0,8,Pfizer
TO,14.0,5,Pfizer
AC,15.0,3363,AstraZeneca
AL,15.0,23018,AstraZeneca
AM,15.0,21601,AstraZeneca
AP,15.0,2303,AstraZeneca
BA,15.0,93711,AstraZeneca
CE,15.0,57803,AstraZeneca
DF,15.0,24768,AstraZeneca
ES,15.0,44014,AstraZeneca
GO,15.0,62967,AstraZeneca
MA,15.0,50826,AstraZeneca
MG,15.0,134300,AstraZeneca
MS,15.0,29475,AstraZeneca
MT,15.0,16797,AstraZeneca
PA,15.0,25292,AstraZeneca
PB,15.0,18587,AstraZeneca
PE,15.0,41043,AstraZeneca
PI,15.0,31313,AstraZeneca
PR,15.0,117157,AstraZeneca
RJ,15.0,247612,AstraZeneca
RN,15.0,22069,AstraZeneca
RO,15.0,5261,AstraZeneca
RR,15.0,865,AstraZeneca
RS,15.0,152485,AstraZeneca
SC,15.0,66407,AstraZeneca
SE,15.0,22022,AstraZeneca
SP,15.0,213938,AstraZeneca
TO,15.0,4990,AstraZeneca
XX,15.0,217,AstraZeneca
AC,15.0,8860,Coronavac
AL,15.0,59400,Coronavac
AM,15.0,56802,Coronavac
AP,15.0,7176,Coronavac
BA,15.0,216764,Coronavac
CE,15.0,118050,Coronavac
DF,15.0,51768,Coronavac
ES,15.0,67731,Coronavac
GO,15.0,69981,Coronavac
MA,15.0,112089,Coronavac
MG,15.0,370277,Coronavac
MS,15.0,36804,Coronavac
MT,15.0,59282,Coronavac
PA,15.0,84801,Coronavac
PB,15.0,60457,Coronavac
PE,15.0,155426,Coronavac
PI,15.0,39847,Coronavac
PR,15.0,173158,Coronavac
RJ,15.0,280523,Coronavac
RN,15.0,50002,Coronavac
RO,15.0,18306,Coronavac
RR,15.0,8107,Coronavac
RS,15.0,230142,Coronavac
SC,15.0,141503,Coronavac
SE,15.0,50790,Coronavac
SP,15.0,929060,Coronavac
TO,15.0,16881,Coronavac
XX,15.0,496,Coronavac
MG,15.0,3,Janssen
RS,15.0,1,Janssen
SP,15.0,1,Janssen
AC,15.0,4,Pfizer
AL,15.0,1,Pfizer
AP,15.0,1,Pfizer
BA,15.0,9,Pfizer
CE,15.0,10,Pfizer
DF,15.0,4,Pfizer
ES,15.0,1,Pfizer
GO,15.0,3,Pfizer
MG,15.0,26,Pfizer
MS,15.0,57,Pfizer
PA,15.0,1,Pfizer
PB,15.0,1,Pfizer
PE,15.0,59,Pfizer
PR,15.0,2,Pfizer
RJ,15.0,14,Pfizer
RN,15.0,2,Pfizer
RS,15.0,2,Pfizer
SC,15.0,3,Pfizer
SP,15.0,46,Pfizer
PR,15.0,6,Vacina sem identificação
AC,16.0,2959,AstraZeneca
AL,16.0,23738,AstraZeneca
AM,16.0,30644,AstraZeneca
AP,16.0,6987,AstraZeneca
BA,16.0,187230,AstraZeneca
CE,16.0,99303,AstraZeneca
DF,16.0,40482,AstraZeneca
ES,16.0,53964,AstraZeneca
GO,16.0,100831,AstraZeneca
MA,16.0,91058,AstraZeneca
MG,16.0,330044,AstraZeneca
MS,16.0,38174,AstraZeneca
MT,16.0,43382,AstraZeneca
PA,16.0,31720,AstraZeneca
PB,16.0,48736,AstraZeneca
PE,16.0,85381,AstraZeneca
PI,16.0,28233,AstraZeneca
PR,16.0,187068,AstraZeneca
RJ,16.0,324991,AstraZeneca
RN,16.0,29668,AstraZeneca
RO,16.0,16394,AstraZeneca
RR,16.0,1001,AstraZeneca
RS,16.0,194126,AstraZeneca
SC,16.0,102498,AstraZeneca
SE,16.0,21854,AstraZeneca
SP,16.0,662947,AstraZeneca
TO,16.0,15288,AstraZeneca
XX,16.0,476,AstraZeneca
AC,16.0,5271,Coronavac
AL,16.0,38702,Coronavac
AM,16.0,40345,Coronavac
AP,16.0,8325,Coronavac
BA,16.0,238130,Coronavac
CE,16.0,126207,Coronavac
DF,16.0,67971,Coronavac
ES,16.0,61492,Coronavac
GO,16.0,159748,Coronavac
MA,16.0,76884,Coronavac
MG,16.0,353229,Coronavac
MS,16.0,30825,Coronavac
MT,16.0,52484,Coronavac
PA,16.0,118933,Coronavac
PB,16.0,86713,Coronavac
PE,16.0,168318,Coronavac
PI,16.0,70312,Coronavac
PR,16.0,426916,Coronavac
RJ,16.0,286079,Coronavac
RN,16.0,64676,Coronavac
RO,16.0,23593,Coronavac
RR,16.0,6602,Coronavac
RS,16.0,291170,Coronavac
SC,16.0,128648,Coronavac
SE,16.0,31191,Coronavac
SP,16.0,603600,Coronavac
TO,16.0,27017,Coronavac
XX,16.0,455,Coronavac
RJ,16.0,10,Janssen
SC,16.0,1,Janssen
SP,16.0,3,Janssen
AC,16.0,2,Pfizer
AM,16.0,2,Pfizer
BA,16.0,22,Pfizer
CE,16.0,46,Pfizer
DF,16.0,2,Pfizer
GO,16.0,1,Pfizer
MA,16.0,1,Pfizer
MG,16.0,17,Pfizer
MS,16.0,2,Pfizer
PB,16.0,1,Pfizer
PE,16.0,90,Pfizer
PR,16.0,7,Pfizer
RJ,16.0,20,Pfizer
RN,16.0,5,Pfizer
RS,16.0,10,Pfizer
SC,16.0,5,Pfizer
SP,16.0,74,Pfizer
PR,16.0,2,Vacina sem identificação
AC,17.0,2476,AstraZeneca
AL,17.0,21390,AstraZeneca
AM,17.0,41382,AstraZeneca
AP,17.0,6262,AstraZeneca
BA,17.0,187382,AstraZeneca
CE,17.0,75856,AstraZeneca
DF,17.0,58492,AstraZeneca
ES,17.0,37732,AstraZeneca
GO,17.0,111693,AstraZeneca
MA,17.0,96479,AstraZeneca
MG,17.0,299741,AstraZeneca
MS,17.0,53030,AstraZeneca
MT,17.0,49246,AstraZeneca
PA,17.0,51442,AstraZeneca
PB,17.0,49656,AstraZeneca
PE,17.0,109098,AstraZeneca
PI,17.0,43745,AstraZeneca
PR,17.0,205941,AstraZeneca
RJ,17.0,299399,AstraZeneca
RN,17.0,45523,AstraZeneca
RO,17.0,18514,AstraZeneca
RR,17.0,1149,AstraZeneca
RS,17.0,140651,AstraZeneca
SC,17.0,113607,AstraZeneca
SE,17.0,19007,AstraZeneca
SP,17.0,360729,AstraZeneca
TO,17.0,17337,AstraZeneca
XX,17.0,319,AstraZeneca
AC,17.0,11256,Coronavac
AL,17.0,16776,Coronavac
AM,17.0,32417,Coronavac
AP,17.0,2617,Coronavac
BA,17.0,144986,Coronavac
CE,17.0,83457,Coronavac
DF,17.0,26211,Coronavac
ES,17.0,26846,Coronavac
GO,17.0,91901,Coronavac
MA,17.0,85304,Coronavac
MG,17.0,318966,Coronavac
MS,17.0,8524,Coronavac
MT,17.0,37364,Coronavac
PA,17.0,52124,Coronavac
PB,17.0,53280,Coronavac
PE,17.0,86240,Coronavac
PI,17.0,43177,Coronavac
PR,17.0,133405,Coronavac
RJ,17.0,356464,Coronavac
RN,17.0,36126,Coronavac
RO,17.0,20960,Coronavac
RR,17.0,8297,Coronavac
RS,17.0,98646,Coronavac
SC,17.0,69495,Coronavac
SE,17.0,7363,Coronavac
SP,17.0,291166,Coronavac
TO,17.0,25975,Coronavac
XX,17.0,244,Coronavac
AC,17.0,11,Pfizer
AL,17.0,2,Pfizer
BA,17.0,6,Pfizer
CE,17.0,11,Pfizer
DF,17.0,8,Pfizer
ES,17.0,1,Pfizer
GO,17.0,2,Pfizer
MA,17.0,11,Pfizer
MG,17.0,14,Pfizer
MS,17.0,38,Pfizer
PE,17.0,33,Pfizer
PI,17.0,1,Pfizer
PR,17.0,7,Pfizer
RJ,17.0,37,Pfizer
RN,17.0,14,Pfizer
RS,17.0,32,Pfizer
SC,17.0,4,Pfizer
SP,17.0,92,Pfizer
TO,17.0,1,Pfizer
PR,17.0,3,Vacina sem identificação
AC,18.0,9033,AstraZeneca
AL,18.0,43911,AstraZeneca
AM,18.0,34334,AstraZeneca
AP,18.0,11927,AstraZeneca
BA,18.0,300753,AstraZeneca
CE,18.0,80475,AstraZeneca
DF,18.0,67318,AstraZeneca
ES,18.0,60801,AstraZeneca
GO,18.0,123623,AstraZeneca
MA,18.0,101192,AstraZeneca
MG,18.0,456682,AstraZeneca
MS,18.0,97173,AstraZeneca
MT,18.0,52159,AstraZeneca
PA,18.0,54489,AstraZeneca
PB,18.0,69660,AstraZeneca
PE,18.0,113393,AstraZeneca
PI,18.0,70516,AstraZeneca
PR,18.0,235719,AstraZeneca
RJ,18.0,300191,AstraZeneca
RN,18.0,46684,AstraZeneca
RO,18.0,21820,AstraZeneca
RR,18.0,2018,AstraZeneca
RS,18.0,271864,AstraZeneca
SC,18.0,130609,AstraZeneca
SE,18.0,19163,AstraZeneca
SP,18.0,638915,AstraZeneca
TO,18.0,21659,AstraZeneca
XX,18.0,494,AstraZeneca
AC,18.0,6220,Coronavac
AL,18.0,17508,Coronavac
AM,18.0,27608,Coronavac
AP,18.0,2304,Coronavac
BA,18.0,67667,Coronavac
CE,18.0,37099,Coronavac
DF,18.0,9836,Coronavac
ES,18.0,11131,Coronavac
GO,18.0,33858,Coronavac
MA,18.0,36491,Coronavac
MG,18.0,88401,Coronavac
MS,18.0,10979,Coronavac
MT,18.0,19438,Coronavac
PA,18.0,25258,Coronavac
PB,18.0,19470,Coronavac
PE,18.0,33277,Coronavac
PI,18.0,14530,Coronavac
PR,18.0,33373,Coronavac
RJ,18.0,110284,Coronavac
RN,18.0,14312,Coronavac
RO,18.0,9935,Coronavac
RR,18.0,3495,Coronavac
RS,18.0,36500,Coronavac
SC,18.0,41534,Coronavac
SE,18.0,7730,Coronavac
SP,18.0,191189,Coronavac
TO,18.0,11892,Coronavac
XX,18.0,116,Coronavac
AM,18.0,1,Janssen
SP,18.0,3,Janssen
AC,18.0,1130,Pfizer
AL,18.0,620,Pfizer
AM,18.0,174,Pfizer
AP,18.0,98,Pfizer
BA,18.0,10059,Pfizer
CE,18.0,9737,Pfizer
DF,18.0,422,Pfizer
ES,18.0,6035,Pfizer
GO,18.0,8930,Pfizer
MA,18.0,9313,Pfizer
MG,18.0,12557,Pfizer
MS,18.0,3265,Pfizer
MT,18.0,1144,Pfizer
PA,18.0,13134,Pfizer
PB,18.0,2141,Pfizer
PE,18.0,3533,Pfizer
PI,18.0,2432,Pfizer
PR,18.0,10408,Pfizer
RJ,18.0,41216,Pfizer
RN,18.0,1578,Pfizer
RO,18.0,848,Pfizer
RR,18.0,1019,Pfizer
RS,18.0,12651,Pfizer
SC,18.0,3862,Pfizer
SE,18.0,2064,Pfizer
SP,18.0,57962,Pfizer
TO,18.0,2639,Pfizer
XX,18.0,79,Pfizer
PR,18.0,64,Vacina sem identificação
SC,18.0,2,Vacina sem identificação
AC,19.0,12619,AstraZeneca
AL,19.0,62092,AstraZeneca
AM,19.0,40581,AstraZeneca
AP,19.0,7930,AstraZeneca
BA,19.0,200498,AstraZeneca
CE,19.0,51432,AstraZeneca
DF,19.0,33702,AstraZeneca
ES,19.0,92933,AstraZeneca
GO,19.0,87190,AstraZeneca
MA,19.0,106215,AstraZeneca
MG,19.0,316382,AstraZeneca
MS,19.0,45408,AstraZeneca
MT,19.0,45392,AstraZeneca
PA,19.0,73993,AstraZeneca
PB,19.0,55152,AstraZeneca
PE,19.0,90544,AstraZeneca
PI,19.0,40390,AstraZeneca
PR,19.0,125178,AstraZeneca
RJ,19.0,216005,AstraZeneca
RN,19.0,41313,AstraZeneca
RO,19.0,22287,AstraZeneca
RR,19.0,4366,AstraZeneca
RS,19.0,240488,AstraZeneca
SC,19.0,105926,AstraZeneca
SE,19.0,25029,AstraZeneca
SP,19.0,788207,AstraZeneca
TO,19.0,15345,AstraZeneca
XX,19.0,405,AstraZeneca
AC,19.0,4774,Coronavac
AL,19.0,14071,Coronavac
AM,19.0,23467,Coronavac
AP,19.0,12386,Coronavac
BA,19.0,94727,Coronavac
CE,19.0,63024,Coronavac
DF,19.0,10949,Coronavac
ES,19.0,26134,Coronavac
GO,19.0,31488,Coronavac
MA,19.0,16599,Coronavac
MG,19.0,93166,Coronavac
MS,19.0,29286,Coronavac
MT,19.0,25058,Coronavac
PA,19.0,24532,Coronavac
PB,19.0,14551,Coronavac
PE,19.0,56470,Coronavac
PI,19.0,13228,Coronavac
PR,19.0,39125,Coronavac
RJ,19.0,137578,Coronavac
RN,19.0,39060,Coronavac
RO,19.0,11118,Coronavac
RR,19.0,1639,Coronavac
RS,19.0,114071,Coronavac
SC,19.0,25814,Coronavac
SE,19.0,14991,Coronavac
SP,19.0,173742,Coronavac
TO,19.0,3872,Coronavac
XX,19.0,133,Coronavac
AP,19.0,1,Janssen
CE,19.0,1,Janssen
SP,19.0,1,Janssen
AC,19.0,3217,Pfizer
AL,19.0,2223,Pfizer
AM,19.0,1417,Pfizer
AP,19.0,1269,Pfizer
BA,19.0,31263,Pfizer
CE,19.0,26528,Pfizer
DF,19.0,9427,Pfizer
ES,19.0,4586,Pfizer
GO,19.0,24821,Pfizer
MA,19.0,9931,Pfizer
MG,19.0,57832,Pfizer
MS,19.0,7979,Pfizer
MT,19.0,8274,Pfizer
PA,19.0,34278,Pfizer
PB,19.0,8353,Pfizer
PE,19.0,4658,Pfizer
PI,19.0,3442,Pfizer
PR,19.0,22371,Pfizer
RJ,19.0,45614,Pfizer
RN,19.0,4447,Pfizer
RO,19.0,2473,Pfizer
RR,19.0,102,Pfizer
RS,19.0,3994,Pfizer
SC,19.0,10529,Pfizer
SE,19.0,2286,Pfizer
SP,19.0,110406,Pfizer
TO,19.0,6289,Pfizer
XX,19.0,153,Pfizer
BA,19.0,1,Vacina sem identificação
CE,19.0,1,Vacina sem identificação
DF,19.0,2,Vacina sem identificação
GO,19.0,1,Vacina sem identificação
MT,19.0,7,Vacina sem identificação
PA,19.0,2,Vacina sem identificação
PR,19.0,1124,Vacina sem identificação
RJ,19.0,1,Vacina sem identificação
RS,19.0,6,Vacina sem identificação
SC,19.0,7,Vacina sem identificação
SP,19.0,2,Vacina sem identificação
TO,19.0,1,Vacina sem identificação
AC,20.0,10070,AstraZeneca
AL,20.0,56331,AstraZeneca
AM,20.0,52648,AstraZeneca
AP,20.0,9473,AstraZeneca
BA,20.0,153236,AstraZeneca
CE,20.0,66814,AstraZeneca
DF,20.0,30135,AstraZeneca
ES,20.0,78719,AstraZeneca
GO,20.0,107107,AstraZeneca
MA,20.0,70866,AstraZeneca
MG,20.0,264911,AstraZeneca
MS,20.0,49041,AstraZeneca
MT,20.0,32934,AstraZeneca
PA,20.0,93681,AstraZeneca
PB,20.0,34395,AstraZeneca
PE,20.0,86944,AstraZeneca
PI,20.0,32957,AstraZeneca
PR,20.0,143673,AstraZeneca
RJ,20.0,254508,AstraZeneca
RN,20.0,66938,AstraZeneca
RO,20.0,15850,AstraZeneca
RR,20.0,3704,AstraZeneca
RS,20.0,172923,AstraZeneca
SC,20.0,102647,AstraZeneca
SE,20.0,31107,AstraZeneca
SP,20.0,827601,AstraZeneca
TO,20.0,17458,AstraZeneca
XX,20.0,439,AstraZeneca
AC,20.0,2573,Coronavac
AL,20.0,15559,Coronavac
AM,20.0,23990,Coronavac
AP,20.0,1031,Coronavac
BA,20.0,55265,Coronavac
CE,20.0,19314,Coronavac
DF,20.0,8165,Coronavac
ES,20.0,93229,Coronavac
GO,20.0,18660,Coronavac
MA,20.0,18723,Coronavac
MG,20.0,154666,Coronavac
MS,20.0,59161,Coronavac
MT,20.0,25167,Coronavac
PA,20.0,22749,Coronavac
PB,20.0,36747,Coronavac
PE,20.0,45364,Coronavac
PI,20.0,15386,Coronavac
PR,20.0,26088,Coronavac
RJ,20.0,105212,Coronavac
RN,20.0,37997,Coronavac
RO,20.0,17177,Coronavac
RR,20.0,918,Coronavac
RS,20.0,225052,Coronavac
SC,20.0,12709,Coronavac
SE,20.0,6754,Coronavac
SP,20.0,209657,Coronavac
TO,20.0,1681,Coronavac
XX,20.0,97,Coronavac
AC,20.0,1607,Pfizer
AL,20.0,20786,Pfizer
AM,20.0,3710,Pfizer
AP,20.0,1406,Pfizer
BA,20.0,49432,Pfizer
CE,20.0,25507,Pfizer
DF,20.0,6394,Pfizer
ES,20.0,14889,Pfizer
GO,20.0,24959,Pfizer
MA,20.0,11484,Pfizer
MG,20.0,52223,Pfizer
MS,20.0,7678,Pfizer
MT,20.0,14548,Pfizer
PA,20.0,5373,Pfizer
PB,20.0,16667,Pfizer
PE,20.0,24280,Pfizer
PI,20.0,13568,Pfizer
PR,20.0,63568,Pfizer
RJ,20.0,47057,Pfizer
RN,20.0,16164,Pfizer
RO,20.0,7481,Pfizer
RR,20.0,1135,Pfizer
RS,20.0,1041,Pfizer
SC,20.0,11430,Pfizer
SE,20.0,2215,Pfizer
SP,20.0,116938,Pfizer
TO,20.0,5567,Pfizer
XX,20.0,171,Pfizer
CE,20.0,1,Vacina sem identificação
MG,20.0,2,Vacina sem identificação
MS,20.0,4,Vacina sem identificação
MT,20.0,4,Vacina sem identificação
PR,20.0,873,Vacina sem identificação
RO,20.0,1,Vacina sem identificação
RS,20.0,4,Vacina sem identificação
SC,20.0,3,Vacina sem identificação
SE,20.0,3,Vacina sem identificação
SP,20.0,1,Vacina sem identificação
AC,21.0,10505,AstraZeneca
AL,21.0,72031,AstraZeneca
AM,21.0,53342,AstraZeneca
AP,21.0,7617,AstraZeneca
BA,21.0,172026,AstraZeneca
CE,21.0,86856,AstraZeneca
DF,21.0,33447,AstraZeneca
ES,21.0,82913,AstraZeneca
GO,21.0,111265,AstraZeneca
MA,21.0,77313,AstraZeneca
MG,21.0,218328,AstraZeneca
MS,21.0,78586,AstraZeneca
MT,21.0,42442,AstraZeneca
PA,21.0,149481,AstraZeneca
PB,21.0,41471,AstraZeneca
PE,21.0,121558,AstraZeneca
PI,21.0,34175,AstraZeneca
PR,21.0,199331,AstraZeneca
RJ,21.0,334573,AstraZeneca
RN,21.0,52328,AstraZeneca
RO,21.0,15616,AstraZeneca
RR,21.0,5400,AstraZeneca
RS,21.0,179887,AstraZeneca
SC,21.0,141856,AstraZeneca
SE,21.0,23901,AstraZeneca
SP,21.0,878229,AstraZeneca
TO,21.0,18746,AstraZeneca
XX,21.0,464,AstraZeneca
AC,21.0,1920,Coronavac
AL,21.0,5907,Coronavac
AM,21.0,11414,Coronavac
AP,21.0,537,Coronavac
BA,21.0,18327,Coronavac
CE,21.0,7517,Coronavac
DF,21.0,5878,Coronavac
ES,21.0,28822,Coronavac
GO,21.0,8339,Coronavac
MA,21.0,7566,Coronavac
MG,21.0,57438,Coronavac
MS,21.0,10504,Coronavac
MT,21.0,5628,Coronavac
PA,21.0,13497,Coronavac
PB,21.0,6284,Coronavac
PE,21.0,22281,Coronavac
PI,21.0,3760,Coronavac
PR,21.0,14257,Coronavac
RJ,21.0,35924,Coronavac
RN,21.0,9677,Coronavac
RO,21.0,6391,Coronavac
RR,21.0,572,Coronavac
RS,21.0,44657,Coronavac
SC,21.0,12106,Coronavac
SE,21.0,1444,Coronavac
SP,21.0,102027,Coronavac
TO,21.0,1006,Coronavac
XX,21.0,42,Coronavac
SP,21.0,3,Janssen
AC,21.0,1342,Pfizer
AL,21.0,12890,Pfizer
AM,21.0,5167,Pfizer
AP,21.0,2604,Pfizer
BA,21.0,67066,Pfizer
CE,21.0,23088,Pfizer
DF,21.0,7512,Pfizer
ES,21.0,10762,Pfizer
GO,21.0,27331,Pfizer
MA,21.0,18553,Pfizer
MG,21.0,77010,Pfizer
MS,21.0,4065,Pfizer
MT,21.0,10071,Pfizer
PA,21.0,17555,Pfizer
PB,21.0,10142,Pfizer
PE,21.0,20467,Pfizer
PI,21.0,11590,Pfizer
PR,21.0,32171,Pfizer
RJ,21.0,33787,Pfizer
RN,21.0,11254,Pfizer
RO,21.0,3806,Pfizer
RR,21.0,1129,Pfizer
RS,21.0,74159,Pfizer
SC,21.0,15456,Pfizer
SE,21.0,8593,Pfizer
SP,21.0,134240,Pfizer
TO,21.0,2301,Pfizer
XX,21.0,205,Pfizer
AL,21.0,1,Vacina sem identificação
BA,21.0,1,Vacina sem identificação
MS,21.0,3,Vacina sem identificação
MT,21.0,2,Vacina sem identificação
PR,21.0,459,Vacina sem identificação
SC,21.0,6,Vacina sem identificação
AC,22.0,12376,AstraZeneca
AL,22.0,57465,AstraZeneca
AM,22.0,69337,AstraZeneca
AP,22.0,8845,AstraZeneca
BA,22.0,250841,AstraZeneca
CE,22.0,86281,AstraZeneca
DF,22.0,45363,AstraZeneca
ES,22.0,117418,AstraZeneca
GO,22.0,141376,AstraZeneca
MA,22.0,219171,AstraZeneca
MG,22.0,306534,AstraZeneca
MS,22.0,96009,AstraZeneca
MT,22.0,52337,AstraZeneca
PA,22.0,117972,AstraZeneca
PB,22.0,92688,AstraZeneca
PE,22.0,192972,AstraZeneca
PI,22.0,56562,AstraZeneca
PR,22.0,260121,AstraZeneca
RJ,22.0,205853,AstraZeneca
RN,22.0,65965,AstraZeneca
RO,22.0,28753,AstraZeneca
RR,22.0,5802,AstraZeneca
RS,22.0,239755,AstraZeneca
SC,22.0,135335,AstraZeneca
SE,22.0,40131,AstraZeneca
SP,22.0,751735,AstraZeneca
TO,22.0,21045,AstraZeneca
XX,22.0,513,AstraZeneca
AC,22.0,1295,Coronavac
AL,22.0,2862,Coronavac
AM,22.0,5101,Coronavac
AP,22.0,267,Coronavac
BA,22.0,6141,Coronavac
CE,22.0,2831,Coronavac
DF,22.0,3847,Coronavac
ES,22.0,8855,Coronavac
GO,22.0,5421,Coronavac
MA,22.0,3492,Coronavac
MG,22.0,15068,Coronavac
MS,22.0,7667,Coronavac
MT,22.0,1722,Coronavac
PA,22.0,7915,Coronavac
PB,22.0,2532,Coronavac
PE,22.0,5980,Coronavac
PI,22.0,2651,Coronavac
PR,22.0,7434,Coronavac
RJ,22.0,9853,Coronavac
RN,22.0,2149,Coronavac
RO,22.0,2451,Coronavac
RR,22.0,330,Coronavac
RS,22.0,4814,Coronavac
SC,22.0,6440,Coronavac
SE,22.0,1487,Coronavac
SP,22.0,56936,Coronavac
TO,22.0,4968,Coronavac
XX,22.0,35,Coronavac
SP,22.0,2,Janssen
AC,22.0,1523,Pfizer
AL,22.0,7889,Pfizer
AM,22.0,3583,Pfizer
AP,22.0,840,Pfizer
BA,22.0,4133,Pfizer
CE,22.0,25739,Pfizer
DF,22.0,10292,Pfizer
ES,22.0,8619,Pfizer
GO,22.0,4315,Pfizer
MA,22.0,3713,Pfizer
MG,22.0,20592,Pfizer
MS,22.0,5022,Pfizer
MT,22.0,2194,Pfizer
PA,22.0,634,Pfizer
PB,22.0,7837,Pfizer
PE,22.0,7725,Pfizer
PI,22.0,6926,Pfizer
PR,22.0,28402,Pfizer
RJ,22.0,24254,Pfizer
RN,22.0,3453,Pfizer
RO,22.0,2642,Pfizer
RR,22.0,2035,Pfizer
RS,22.0,34221,Pfizer
SC,22.0,13953,Pfizer
SE,22.0,4496,Pfizer
SP,22.0,108890,Pfizer
TO,22.0,1410,Pfizer
XX,22.0,147,Pfizer
MS,22.0,1,Vacina sem identificação
MT,22.0,1,Vacina sem identificação
PR,22.0,89,Vacina sem identificação
AC,23.0,17956,AstraZeneca
AL,23.0,47998,AstraZeneca
AM,23.0,192915,AstraZeneca
AP,23.0,18961,AstraZeneca
BA,23.0,286897,AstraZeneca
CE,23.0,120028,AstraZeneca
DF,23.0,58963,AstraZeneca
ES,23.0,129442,AstraZeneca
GO,23.0,220292,AstraZeneca
MA,23.0,285040,AstraZeneca
MG,23.0,464241,AstraZeneca
MS,23.0,66693,AstraZeneca
MT,23.0,89700,AstraZeneca
PA,23.0,125102,AstraZeneca
PB,23.0,101638,AstraZeneca
PE,23.0,240849,AstraZeneca
PI,23.0,92410,AstraZeneca
PR,23.0,446312,AstraZeneca
RJ,23.0,323260,AstraZeneca
RN,23.0,100947,AstraZeneca
RO,23.0,50689,AstraZeneca
RR,23.0,10625,AstraZeneca
RS,23.0,404057,AstraZeneca
SC,23.0,219145,AstraZeneca
SE,23.0,56371,AstraZeneca
SP,23.0,822826,AstraZeneca
TO,23.0,37306,AstraZeneca
XX,23.0,688,AstraZeneca
AC,23.0,1203,Coronavac
AL,23.0,2619,Coronavac
AM,23.0,4354,Coronavac
AP,23.0,238,Coronavac
BA,23.0,5798,Coronavac
CE,23.0,2165,Coronavac
DF,23.0,3147,Coronavac
ES,23.0,4147,Coronavac
GO,23.0,8676,Coronavac
MA,23.0,6093,Coronavac
MG,23.0,13216,Coronavac
MS,23.0,3112,Coronavac
MT,23.0,2119,Coronavac
PA,23.0,12380,Coronavac
PB,23.0,1981,Coronavac
PE,23.0,6077,Coronavac
PI,23.0,2675,Coronavac
PR,23.0,10484,Coronavac
RJ,23.0,8856,Coronavac
RN,23.0,1534,Coronavac
RO,23.0,1925,Coronavac
RR,23.0,510,Coronavac
RS,23.0,3771,Coronavac
SC,23.0,11147,Coronavac
SE,23.0,731,Coronavac
SP,23.0,73766,Coronavac
TO,23.0,3192,Coronavac
XX,23.0,33,Coronavac
PE,23.0,1,Janssen
AC,23.0,2908,Pfizer
AL,23.0,22270,Pfizer
AM,23.0,3311,Pfizer
AP,23.0,1238,Pfizer
BA,23.0,30073,Pfizer
CE,23.0,42771,Pfizer
DF,23.0,7848,Pfizer
ES,23.0,18458,Pfizer
GO,23.0,47515,Pfizer
MA,23.0,8587,Pfizer
MG,23.0,30940,Pfizer
MS,23.0,23627,Pfizer
MT,23.0,3617,Pfizer
PA,23.0,15532,Pfizer
PB,23.0,23514,Pfizer
PE,23.0,13247,Pfizer
PI,23.0,8356,Pfizer
PR,23.0,37140,Pfizer
RJ,23.0,15190,Pfizer
RN,23.0,13588,Pfizer
RO,23.0,3353,Pfizer
RR,23.0,752,Pfizer
RS,23.0,27669,Pfizer
SC,23.0,37999,Pfizer
SE,23.0,6336,Pfizer
SP,23.0,228504,Pfizer
TO,23.0,2931,Pfizer
XX,23.0,232,Pfizer
AC,24.0,50092,AstraZeneca
AL,24.0,55327,AstraZeneca
AM,24.0,120901,AstraZeneca
AP,24.0,13457,AstraZeneca
BA,24.0,183543,AstraZeneca
CE,24.0,148444,AstraZeneca
DF,24.0,82169,AstraZeneca
ES,24.0,96973,AstraZeneca
GO,24.0,117759,AstraZeneca
MA,24.0,241667,AstraZeneca
MG,24.0,333731,AstraZeneca
MS,24.0,20241,AstraZeneca
MT,24.0,66031,AstraZeneca
PA,24.0,210530,AstraZeneca
PB,24.0,56000,AstraZeneca
PE,24.0,181426,AstraZeneca
PI,24.0,79128,AstraZeneca
PR,24.0,360091,AstraZeneca
RJ,24.0,202544,AstraZeneca
RN,24.0,95497,AstraZeneca
RO,24.0,48290,AstraZeneca
RR,24.0,11431,AstraZeneca
RS,24.0,287019,AstraZeneca
SC,24.0,123210,AstraZeneca
SE,24.0,46438,AstraZeneca
SP,24.0,1644882,AstraZeneca
TO,24.0,33269,AstraZeneca
XX,24.0,941,AstraZeneca
AC,24.0,911,Coronavac
AL,24.0,2344,Coronavac
AM,24.0,5933,Coronavac
AP,24.0,1523,Coronavac
BA,24.0,20262,Coronavac
CE,24.0,2696,Coronavac
DF,24.0,7946,Coronavac
ES,24.0,7439,Coronavac
GO,24.0,13137,Coronavac
MA,24.0,7047,Coronavac
MG,24.0,19580,Coronavac
MS,24.0,10833,Coronavac
MT,24.0,2047,Coronavac
PA,24.0,12844,Coronavac
PB,24.0,3789,Coronavac
PE,24.0,12925,Coronavac
PI,24.0,3105,Coronavac
PR,24.0,20454,Coronavac
RJ,24.0,13064,Coronavac
RN,24.0,3008,Coronavac
RO,24.0,2793,Coronavac
RR,24.0,426,Coronavac
RS,24.0,38762,Coronavac
SC,24.0,22116,Coronavac
SE,24.0,2163,Coronavac
SP,24.0,213893,Coronavac
TO,24.0,3102,Coronavac
XX,24.0,148,Coronavac
MG,24.0,1,Janssen
RS,24.0,1,Janssen
SP,24.0,4,Janssen
AC,24.0,507,Pfizer
AL,24.0,20681,Pfizer
AM,24.0,3730,Pfizer
AP,24.0,2615,Pfizer
BA,24.0,68743,Pfizer
CE,24.0,11590,Pfizer
DF,24.0,22847,Pfizer
ES,24.0,34304,Pfizer
GO,24.0,37432,Pfizer
MA,24.0,28532,Pfizer
MG,24.0,82711,Pfizer
MS,24.0,27845,Pfizer
MT,24.0,20137,Pfizer
PA,24.0,66408,Pfizer
PB,24.0,16272,Pfizer
PE,24.0,32965,Pfizer
PI,24.0,10981,Pfizer
PR,24.0,118019,Pfizer
RJ,24.0,113002,Pfizer
RN,24.0,26616,Pfizer
RO,24.0,6688,Pfizer
RR,24.0,3990,Pfizer
RS,24.0,101303,Pfizer
SC,24.0,53193,Pfizer
SE,24.0,23310,Pfizer
SP,24.0,297658,Pfizer
TO,24.0,9069,Pfizer
XX,24.0,308,Pfizer
AC,25.0,8552,AstraZeneca
AL,25.0,26137,AstraZeneca
AM,25.0,8048,AstraZeneca
AP,25.0,2358,AstraZeneca
BA,25.0,54713,AstraZeneca
CE,25.0,60468,AstraZeneca
DF,25.0,12126,AstraZeneca
ES,25.0,27602,AstraZeneca
GO,25.0,20817,AstraZeneca
MA,25.0,48696,AstraZeneca
MG,25.0,88208,AstraZeneca
MS,25.0,27793,AstraZeneca
MT,25.0,22404,AstraZeneca
PA,25.0,37187,AstraZeneca
PB,25.0,12755,AstraZeneca
PE,25.0,24502,AstraZeneca
PI,25.0,17225,AstraZeneca
PR,25.0,64145,AstraZeneca
RJ,25.0,44091,AstraZeneca
RN,25.0,13460,AstraZeneca
RO,25.0,10168,AstraZeneca
RR,25.0,6389,AstraZeneca
RS,25.0,64014,AstraZeneca
SC,25.0,24700,AstraZeneca
SE,25.0,5258,AstraZeneca
SP,25.0,472681,AstraZeneca
TO,25.0,17088,AstraZeneca
XX,25.0,196,AstraZeneca
AC,25.0,303,Coronavac
AL,25.0,4038,Coronavac
AM,25.0,2523,Coronavac
AP,25.0,214,Coronavac
BA,25.0,20124,Coronavac
CE,25.0,1512,Coronavac
DF,25.0,3759,Coronavac
ES,25.0,13226,Coronavac
GO,25.0,10151,Coronavac
MA,25.0,11811,Coronavac
MG,25.0,19982,Coronavac
MS,25.0,4429,Coronavac
MT,25.0,6703,Coronavac
PA,25.0,4802,Coronavac
PB,25.0,3889,Coronavac
PE,25.0,3563,Coronavac
PI,25.0,3029,Coronavac
PR,25.0,26608,Coronavac
RJ,25.0,26418,Coronavac
RN,25.0,3526,Coronavac
RO,25.0,2525,Coronavac
RR,25.0,222,Coronavac
RS,25.0,20491,Coronavac
SC,25.0,16539,Coronavac
SE,25.0,2277,Coronavac
SP,25.0,262383,Coronavac
TO,25.0,1708,Coronavac
XX,25.0,167,Coronavac
AC,25.0,3878,Pfizer
AL,25.0,14091,Pfizer
AM,25.0,18872,Pfizer
AP,25.0,1521,Pfizer
BA,25.0,50529,Pfizer
CE,25.0,3845,Pfizer
DF,25.0,10404,Pfizer
ES,25.0,21752,Pfizer
GO,25.0,42766,Pfizer
MA,25.0,26212,Pfizer
MG,25.0,46714,Pfizer
MS,25.0,5634,Pfizer
MT,25.0,13137,Pfizer
PA,25.0,17728,Pfizer
PB,25.0,9705,Pfizer
PE,25.0,18506,Pfizer
PI,25.0,13853,Pfizer
PR,25.0,84012,Pfizer
RJ,25.0,65628,Pfizer
RN,25.0,22842,Pfizer
RO,25.0,11818,Pfizer
RR,25.0,3374,Pfizer
RS,25.0,84486,Pfizer
SC,25.0,31436,Pfizer
SE,25.0,7052,Pfizer
SP,25.0,201916,Pfizer
TO,25.0,8305,Pfizer
XX,25.0,154,Pfizer
RN,51.0,1,Coronavac
MA,52.0,13,Coronavac
MT,52.0,2,Coronavac
PA,52.0,1,Coronavac
PI,52.0,1,Coronavac
RO,52.0,1,Coronavac
SC,52.0,3,Coronavac
AM,53.0,24,AstraZeneca
RN,53.0,4,AstraZeneca
SP,53.0,1,AstraZeneca
BA,53.0,5,Coronavac
CE,53.0,28,Coronavac
DF,53.0,1,Coronavac
GO,53.0,7,Coronavac
MA,53.0,5,Coronavac
MG,53.0,4,Coronavac
RN,53.0,1,Coronavac
SP,53.0,1,Coronavac
